Workbook
Name Cash_Minimum: 'Income Statement'!#REF!
Name Cash_Minimum: Investment!#REF!
Name Cash_Minimum: 'Cash flow'!#REF!
Name Start_Date: 'Income Statement'!#REF!
Name Start_Date: Investment!#REF!
Name Start_Date: 'Cash flow'!#REF!

Sheet Investment
B1: ՎԱՆԱՁՈՐ — ԲԱՆԱԿԻ 8
B2: ՆԵՐԴՐՈՒՄԱՅԻՆ ԾՐԱԳԻՐ
B3: ԴՐԱՄԻ ՄԻԱՎՈՐ | C3: ՀՀ ԴՐԱՄ
B4: ԵԼՔԵՐ / ՄՈՒՏՔԵՐ
C6: Չափման միավոր | D6: Քանակ` կառուցապատում | E6: Քանակ` մաքուր մակերես. | F6: Ինքնարժեք | G6: Գին | H6: Ընդհանուր ԵԼՔԵՐ | I6: Ընդհանուր ՄՈՒՏՔԵՐ | J6: Մասնաբաժին
B7: Ընդհանուր տարածք | C7: քառ․ մետր | D7: 22653 | E7: 22342
B8: Բնակելի տարածք՝ վաճառք | C8: քառ․ մետր | D8: 17420 | E8: 13999 | F8: =700*385 -> 269500 | G8: 350000 | H8: =E8*F8 -> 3772730500 | I8: =E8*G8 -> 4899650000 | J8: 1
B9: Ավտոկայանատեղեր՝ վաճառք | C9: հատ | D9: 212 | E9: =D9 -> 212 | F9: 2000000 | G9: 4000000 | H9: =F9*E9 -> 424000000 | I9: =G9*E9 -> 848000000
B11: ՆԵՐԴՐՈՒՄՆԵՐ
B13: Շին․ թույլտվություն - հասարակական տարածքներ | H13: 200000
B14: Շինարարության ծախսեր | H14: =SUM(H8:H9) -> 4196730500
B15: Նախագիծ
B16: Այլ ծախսեր (մարքեթինգ, վարչական, չնախատեսված, այլն) | H16: =H14*0.02 -> 83934610
B18: ԸՆԴՀԱՆՈՒՐ ԵԼՔԵՐ / ՄՈՒՏՔԵՐ | H18: =SUM(H13:H16) -> 4280865110 | I18: =SUM(I8:I17) -> 5747650000

Sheet Credit
B1: ՎԱՆԱՁՈՐ — ԲԱՆԱԿԻ 8
B2: ՎԱՐԿԻ ԿԱՌԱՎԱՐՈՒՄ
B3: ԴՐԱՄԻ ՄԻԱՎՈՐ | C3: ՀՀ ԴՐԱՄ
B4: Վարկի գումար | C4: =+Investment!H18 -> 4280865110 | E4: Ստացման ամիս | F4: 46266 | H4: Վարկի ժամկետ (ամիս) | J4: =4*12 -> 48 | L4: Վարկի տարեկան տոկոսադրույք | N4: 0.12
L5: Ավանդի տարեկան տոկոսադրույք | N5: 0.11
B7: ՏԱՐԻ 1 | C7: ԱՄԻՍ 1 | D7: ԱՄԻՍ 2 | E7: ԱՄԻՍ 3 | F7: ԱՄԻՍ 4 | G7: ԱՄԻՍ 5 | H7: ԱՄԻՍ 6 | I7: ԱՄԻՍ 7 | J7: ԱՄԻՍ 8 | K7: ԱՄԻՍ 9 | L7: ԱՄԻՍ 10 | M7: ԱՄԻՍ 11 | N7: ԱՄԻՍ 12 | O7: ԳՈՒՄԱՐ
B8: Վարկի մայր գումարի մնացորդ | C8: =C4 -> 4280865110 | D8: =+C8-C10 -> 4.1916804e+09 | E8: =+D8-D10 -> 4.1024957e+09 | F8: =+E8-E10 -> 4.013311e+09 | G8: =+F8-F10 -> 3.9241264e+09 | H8: =+G8-G10 -> 3.8349417e+09 | I8: =+H8-H10 -> 3.745757e+09 | J8: =+I8-I10 -> 3.6565723e+09 | K8: =+J8-J10 -> 3.5673876e+09 | ... N8: =+M8-M10 -> 3.2998335e+09
B10: Մայր գումարի վճար | C10: =C8/J4 -> 89184690 | D10: =+C10 -> 89184690 | E10: =+D10 -> 89184690 | F10: =+E10 -> 89184690 | G10: =+F10 -> 89184690 | H10: =+G10 -> 89184690 | I10: =+H10 -> 89184690 | J10: =+I10 -> 89184690 | K10: =+J10 -> 89184690 | ... N10: =+M10 -> 89184690 | O10: =SUM(C10:N10) -> 1.0702163e+09
B11: Վճարվող տոկոսներ | C11: =+C8*$N$4/12 -> 42808651 | D11: =+D8*$N$4/12 -> 41916804 | E11: =+E8*$N$4/12 -> 41024957 | F11: =+F8*$N$4/12 -> 40133110 | G11: =+G8*$N$4/12 -> 39241264 | H11: =+H8*$N$4/12 -> 38349417 | I11: =+I8*$N$4/12 -> 37457570 | J11: =+J8*$N$4/12 -> 36565723 | ... N11: =+N8*$N$4/12 -> 32998335 | O11: =SUM(C11:N11) -> 4.5484192e+08
B12: ԸՆԴՀԱՆՈՒՐ ՄԱՅՐ ԳՈՒՄԱՐ ԵՎ ՏՈԿՈՍՆԵՐ | C12: =+C10+C11 -> 1.3199334e+08 | D12: =+D10+D11 -> 1.3110149e+08 | E12: =+E10+E11 -> 1.3020965e+08 | F12: =+F10+F11 -> 1.293178e+08 | G12: =+G10+G11 -> 1.2842595e+08 | H12: =+H10+H11 -> 1.2753411e+08 | I12: =+I10+I11 -> 1.2664226e+08 | J12: =+J10+J11 -> 1.2575041e+08 | ... N12: =+N10+N11 -> 1.2218303e+08 | O12: =SUM(C12:N12) -> 1.5250582e+09
O13: =SUM(C13:N13) -> 0
B14: ՏԱՐԻ 2 | C14: =+C7 -> ԱՄԻՍ 1 | D14: =+D7 -> ԱՄԻՍ 2 | E14: =+E7 -> ԱՄԻՍ 3 | F14: =+F7 -> ԱՄԻՍ 4 | G14: =+G7 -> ԱՄԻՍ 5 | H14: =+H7 -> ԱՄԻՍ 6 | I14: =+I7 -> ԱՄԻՍ 7 | J14: =+J7 -> ԱՄԻՍ 8 | ... N14: =+N7 -> ԱՄԻՍ 12 | O14: ԳՈՒՄԱՐ
B15: Վարկի մայր գումարի մնացորդ | C15: =+N8-N10 -> 3.2106488e+09 | D15: =+C15-C17 -> 3.1214641e+09 | E15: =+D15-D17 -> 3.0322795e+09 | F15: =+E15-E17 -> 2.9430948e+09 | G15: =+F15-F17 -> 2.8539101e+09 | H15: =+G15-G17 -> 2.7647254e+09 | I15: =+H15-H17 -> 2.6755407e+09 | J15: =+I15-I17 -> 2.586356e+09 | K15: =+J15-J17 -> 2.4971713e+09 | ... N15: =+M15-M17 -> 2.2296172e+09
B17: Մայր գումարի վճար | C17: =+C10 -> 89184690 | D17: =+C17 -> 89184690 | E17: =+D17 -> 89184690 | F17: =+E17 -> 89184690 | G17: =+F17 -> 89184690 | H17: =+G17 -> 89184690 | I17: =+H17 -> 89184690 | J17: =+I17 -> 89184690 | K17: =+J17 -> 89184690 | ... N17: =+M17 -> 89184690 | O17: =SUM(C17:N17) -> 1.0702163e+09
B18: Վճարվող տոկոսներ | C18: =+C15*$N$4/12 -> 32106488 | D18: =+D15*$N$4/12 -> 31214641 | E18: =+E15*$N$4/12 -> 30322795 | F18: =+F15*$N$4/12 -> 29430948 | G18: =+G15*$N$4/12 -> 28539101 | H18: =+H15*$N$4/12 -> 27647254 | I18: =+I15*$N$4/12 -> 26755407 | J18: =+J15*$N$4/12 -> 25863560 | ... N18: =+N15*$N$4/12 -> 22296172 | O18: =SUM(C18:N18) -> 3.2641596e+08
B19: ԸՆԴՀԱՆՈՒՐ ՄԱՅՐ ԳՈՒՄԱՐ ԵՎ ՏՈԿՈՍՆԵՐ | C19: =+C17+C18 -> 1.2129118e+08 | D19: =+D17+D18 -> 1.2039933e+08 | E19: =+E17+E18 -> 1.1950748e+08 | F19: =+F17+F18 -> 1.1861564e+08 | G19: =+G17+G18 -> 1.1772379e+08 | H19: =+H17+H18 -> 1.1683194e+08 | I19: =+I17+I18 -> 1.159401e+08 | J19: =+J17+J18 -> 1.1504825e+08 | ... N19: =+N17+N18 -> 1.1148086e+08 | O19: =SUM(C19:N19) -> 1.3966322e+09
O20: =SUM(C20:N20) -> 0
B21: ՏԱՐԻ 3 | C21: =+C14 -> ԱՄԻՍ 1 | D21: =+D14 -> ԱՄԻՍ 2 | E21: =+E14 -> ԱՄԻՍ 3 | F21: =+F14 -> ԱՄԻՍ 4 | G21: =+G14 -> ԱՄԻՍ 5 | H21: =+H14 -> ԱՄԻՍ 6 | I21: =+I14 -> ԱՄԻՍ 7 | J21: =+J14 -> ԱՄԻՍ 8 | ... N21: =+N14 -> ԱՄԻՍ 12 | O21: ԳՈՒՄԱՐ
B22: Վարկի մայր գումարի մնացորդ | C22: =+N15-N17 -> 2.1404326e+09 | D22: =+C22-C24 -> 2.0512479e+09 | E22: =+D22-D24 -> 1.9620632e+09 | F22: =+E22-E24 -> 1.8728785e+09 | G22: =+F22-F24 -> 1.7836938e+09 | H22: =+G22-G24 -> 1.6945091e+09 | I22: =+H22-H24 -> 1.6053244e+09 | J22: =+I22-I24 -> 1.5161397e+09 | K22: =+J22-J24 -> 1.426955e+09 | ... N22: =+M22-M24 -> 1.159401e+09
B24: Մայր գումարի վճար | C24: =+C17 -> 89184690 | D24: =+C24 -> 89184690 | E24: =+D24 -> 89184690 | F24: =+E24 -> 89184690 | G24: =+F24 -> 89184690 | H24: =+G24 -> 89184690 | I24: =+H24 -> 89184690 | J24: =+I24 -> 89184690 | K24: =+J24 -> 89184690 | ... N24: =+M24 -> 89184690 | O24: =SUM(C24:N24) -> 1.0702163e+09
B25: Վճարվող տոկոսներ | C25: =+C22*$N$4/12 -> 21404326 | D25: =+D22*$N$4/12 -> 20512479 | E25: =+E22*$N$4/12 -> 19620632 | F25: =+F22*$N$4/12 -> 18728785 | G25: =+G22*$N$4/12 -> 17836938 | H25: =+H22*$N$4/12 -> 16945091 | I25: =+I22*$N$4/12 -> 16053244 | J25: =+J22*$N$4/12 -> 15161397 | ... N25: =+N22*$N$4/12 -> 11594010 | O25: =SUM(C25:N25) -> 1.9799001e+08
B26: ԸՆԴՀԱՆՈՒՐ ՄԱՅՐ ԳՈՒՄԱՐ ԵՎ ՏՈԿՈՍՆԵՐ | C26: =+C24+C25 -> 1.1058902e+08 | D26: =+D24+D25 -> 1.0969717e+08 | E26: =+E24+E25 -> 1.0880532e+08 | F26: =+F24+F25 -> 1.0791347e+08 | G26: =+G24+G25 -> 1.0702163e+08 | H26: =+H24+H25 -> 1.0612978e+08 | I26: =+I24+I25 -> 1.0523793e+08 | J26: =+J24+J25 -> 1.0434609e+08 | ... N26: =+N24+N25 -> 1.007787e+08 | O26: =SUM(C26:N26) -> 1.2682063e+09
B28: ՏԱՐԻ 4 | C28: =+C21 -> ԱՄԻՍ 1 | D28: =+D21 -> ԱՄԻՍ 2 | E28: =+E21 -> ԱՄԻՍ 3 | F28: =+F21 -> ԱՄԻՍ 4 | G28: =+G21 -> ԱՄԻՍ 5 | H28: =+H21 -> ԱՄԻՍ 6 | I28: =+I21 -> ԱՄԻՍ 7 | J28: =+J21 -> ԱՄԻՍ 8 | ... N28: =+N21 -> ԱՄԻՍ 12 | O28: ԳՈՒՄԱՐ
B29: Վարկի մայր գումարի մնացորդ | C29: =+N22-N24 -> 1.0702163e+09 | D29: =+C29-C31 -> 9.8103159e+08 | E29: =+D29-D31 -> 8.918469e+08 | F29: =+E29-E31 -> 8.0266221e+08 | G29: =+F29-F31 -> 7.1347752e+08 | H29: =+G29-G31 -> 6.2429283e+08 | I29: =+H29-H31 -> 5.3510814e+08 | J29: =+I29-I31 -> 4.4592345e+08 | K29: =+J29-J31 -> 3.5673876e+08 | ... N29: =+M29-M31 -> 89184690
B31: Մայր գումարի վճար | C31: =+C24 -> 89184690 | D31: =+C31 -> 89184690 | E31: =+D31 -> 89184690 | F31: =+E31 -> 89184690 | G31: =+F31 -> 89184690 | H31: =+G31 -> 89184690 | I31: =+H31 -> 89184690 | J31: =+I31 -> 89184690 | K31: =+J31 -> 89184690 | ... N31: =+M31 -> 89184690 | O31: =SUM(C31:N31) -> 1.0702163e+09
B32: Վճարվող տոկոսներ | C32: =+C29*$N$4/12 -> 10702163 | D32: =+D29*$N$4/12 -> 9810315.9 | E32: =+E29*$N$4/12 -> 8918469 | F32: =+F29*$N$4/12 -> 8026622.1 | G32: =+G29*$N$4/12 -> 7134775.2 | H32: =+H29*$N$4/12 -> 6242928.3 | I32: =+I29*$N$4/12 -> 5351081.4 | J32: =+J29*$N$4/12 -> 4459234.5 | ... N32: =+N29*$N$4/12 -> 891846.9 | O32: =SUM(C32:N32) -> 69564058
B33: ԸՆԴՀԱՆՈՒՐ ՄԱՅՐ ԳՈՒՄԱՐ ԵՎ ՏՈԿՈՍՆԵՐ | C33: =+C31+C32 -> 99886853 | D33: =+D31+D32 -> 98995006 | E33: =+E31+E32 -> 98103159 | F33: =+F31+F32 -> 97211312 | G33: =+G31+G32 -> 96319465 | H33: =+H31+H32 -> 95427618 | I33: =+I31+I32 -> 94535771 | J33: =+J31+J32 -> 93643924 | ... N33: =+N31+N32 -> 90076537 | O33: =SUM(C33:N33) -> 1.1397803e+09

Sheet Cash flow
B1: ՎԱՆԱՁՈՐ — ԲԱՆԱԿԻ 8
B2: ԴՐԱՄԱԿԱՆ ՄԻՋՈՑՆԵՐԻ ՇԱՐԺ
B3: ԴՐԱՄԻ ՄԻԱՎՈՐ | C3: ՀՀ ԴՐԱՄ
B4: Դրամական միջոցների սկզբնական մնացորդ | C4: 10000
C7: ՏԱՐԻ 1 | D7: ՏԱՐԻ 2 | E7: ՏԱՐԻ 3 | F7: ՏԱՐԻ 4 | G7: ՏԱՐԻ 5 | H7: ԸՆԴՀԱՆՈՒՐ
B8: ԴՐԱՄԻ ՄՆԱՑՈՐԴ ՏԱՐՎԱ ՍԿԶԲՈՒՄ | C8: =C4 -> 10000 | D8: =C42 -> 4.168154e+09 | E8: =D42 -> 3.2788605e+09 | F8: =E42 -> 1.9147867e+09 | G8: =F42 -> 8.387734e+08
B10: ԴՐԱՄԻ ՄՈՒՏՔԵՐ
B12: =+Investment!B8 -> Բնակելի տարածք՝ վաճառք | C12: =+Investment!$I$8*0.5 -> 2449825000 | D12: =+Investment!$I$8*0.3 -> 1469895000 | E12: =+Investment!$I$8*0.2 -> 979930000 | H12: =SUM(C12:G12) -> 4899650000
B13: =+Investment!B9 -> Ավտոկայանատեղեր՝ վաճառք | C13: =+Investment!$I$9*0.5 -> 424000000 | D13: =+Investment!$I$9*0.3 -> 254400000 | E13: =+Investment!$I$9*0.2 -> 169600000 | H13: =SUM(C13:G13) -> 848000000
H14: =SUM(C14:G14) -> 0
B15: Վարկային միջոցներ | C15: =+Credit!C4 -> 4280865110 | H15: =SUM(C15:G15) -> 4280865110
B16: Տոկոսներ ավանդից | C16: =AVERAGE(Credit!$C8:$N8)*Credit!$N$5 -> 4.1693842e+08 | D16: =AVERAGE(Credit!$C15:$N15)*Credit!$N$5 -> 2.9921463e+08 | E16: =AVERAGE(Credit!$C22:$N22)*Credit!$N$5 -> 1.8149084e+08 | F16: =AVERAGE(Credit!$C29:$N29)*Credit!$N$5 -> 63767053 | H16: =SUM(C16:G16) -> 9.6141096e+08
B17: ԸՆԴՀԱՆՈՒՐ ՄՈՒՏՔԵՐ | C17: =SUM(C12:C16) -> 7.5716285e+09 | D17: =SUM(D12:D16) -> 2.0235096e+09 | E17: =SUM(E12:E16) -> 1.3310208e+09 | F17: =SUM(F12:F16) -> 63767053 | G17: =SUM(G12:G16) -> 0 | H17: =SUM(H12:H16) -> 1.0989926e+10
B20: ԴՐԱՄԻ ԵԼՔԵՐ
C22: =+Investment!H12 -> 0 | H22: =SUM(C22:E22) -> 0
B23: =+Investment!B13 -> Շին․ թույլտվություն - հասարակական տարածքներ | C23: =+Investment!H13 -> 200000 | H23: =SUM(C23:G23) -> 200000
B24: =+Investment!B14 -> Շինարարության ծախսեր | C24: =+Investment!H14/3 -> 1.3989102e+09 | D24: =+C24 -> 1.3989102e+09 | E24: =+D24 -> 1.3989102e+09 | H24: =SUM(C24:G24) -> 4196730500
B25: =+Investment!B15 -> Նախագիծ | C25: =+Investment!H15 -> 0 | E25: =+D25 -> 0 | H25: =SUM(C25:G25) -> 0
B26: =+Investment!B16 -> Այլ ծախսեր (մարքեթինգ, վարչական, չնախատեսված, այլն) | C26: =+C24*0.02 -> 27978203 | D26: =+C26 -> 27978203 | E26: =+D26 -> 27978203 | H26: =SUM(C26:G26) -> 83934610
H27: =SUM(C27:G27) -> 0
B28: ԱԱՀ | C28: =+(SUM(C12:C13)/6)-(+SUM(C24:C26)/6) -> 2.411561e+08 | D28: =+(SUM(D12:D13)/6)-(+SUM(D24:D26)/6) -> 49567772 | F28: =+(SUM(F12:F13)/6)-(+SUM(F24:F26)/6) -> 0 | G28: =+(SUM(G12:G13)/6)-(+SUM(G24:G26)/6) -> 0 | H28: =SUM(C28:G28) -> 2.9072388e+08
B29: Շահութահարկ | C29: =+'Income Statement'!C26 -> 2.1018187e+08 | D29: =+'Income Statement'!D26 -> 39714755 | E29: =+'Income Statement'!E26 -> 0 | G29: =+'Income Statement'!G26 -> 0 | H29: =SUM(C29:G29) -> 2.4989662e+08
H30: =SUM(C30:G30) -> 0
B31: Վարկի տոկոսներ | C31: =+Credit!O11 -> 4.5484192e+08 | D31: =+Credit!O18 -> 3.2641596e+08 | E31: =+Credit!O25 -> 1.9799001e+08 | F31: =+Credit!O32 -> 69564058 | H31: =SUM(C31:G31) -> 1.048812e+09
H32: =SUM(C32:G32) -> 0
H33: =SUM(C33:G33) -> 0
H34: =SUM(C34:G34) -> 0
H35: =SUM(C35:G35) -> 0
B36: ԸՆԴԱՄԵՆԸ | C36: =SUM(C22:C35) -> 2.3332683e+09 | D36: =SUM(D22:D35) -> 1.8425869e+09 | E36: =SUM(E22:E35) -> 1.6248784e+09 | F36: =SUM(F22:F35) -> 69564058 | G36: =SUM(G22:G35) -> 0 | H36: =SUM(C36:G36) -> 5.8702976e+09
B38: Վարկի մայր գումարի վճարում | C38: =+Credit!$O10 -> 1.0702163e+09 | D38: =+Credit!$O17 -> 1.0702163e+09 | E38: =+Credit!$O24 -> 1.0702163e+09 | F38: =+Credit!O31 -> 1.0702163e+09 | H38: =SUM(C38:G38) -> 4.2808651e+09
H39: =SUM(C39:E39) -> 0
H40: =SUM(C40:E40) -> 0
B41: ԸՆԴՀԱՆՈՒՐ ԴՐԱՄԱԿԱՆ ՀՈՍՔԵՐԻ ԵԼՔ | C41: =+C36+C38 -> 3.4034845e+09 | D41: =+D36+D38 -> 2.9128031e+09 | E41: =+E36+E38 -> 2.6950947e+09 | F41: =+F36+F38 -> 1.1397803e+09 | G41: =+G36+G38 -> 0 | H41: =SUM(H36:H40) -> 1.0151163e+10
B42: ԴՐԱՄԱԿԱՆ ՄԻՋՈՑՆԵՐԻ ՄՆԱՑՈՐԴ | C42: =+C8+C17-C41 -> 4.168154e+09 | D42: =+D8+D17-D41 -> 3.2788605e+09 | E42: =+E8+E17-E41 -> 1.9147867e+09 | F42: =+F8+F17-F41 -> 8.387734e+08 | G42: =+G8+G17-G41 -> 8.387734e+08 | H42: =+H8+H17-H41 -> 8.387634e+08
B43: ԶՈՒՏ ԴՐԱՄԱԿԱՆ ՀՈՍՔԵՐ | C43: =+C17-C41 -> 4.168144e+09 | D43: =+D17-D41 -> -8.892935e+08 | E43: =+E17-E41 -> -1.3640738e+09 | F43: =+F17-F41 -> -1.0760133e+09 | G43: =+G17-G41 -> 0 | H43: =+C43+D43+E43+F43 -> 8.387634e+08

Sheet Income Statement
B1: ՎԱՆԱՁՈՐ — ԲԱՆԱԿԻ 8
B2: ՖԻՆԱՆՍԱԿԱՆ ԱՐԴՅՈՒՆՔՆԵՐԻ ՀԱՇՎԵՏՎՈՒԹՅՈՒՆ
B4: ԴՐԱՄԻ ՄԻԱՎՈՐ | C4: ՀՀ ԴՐԱՄ
B5: ՀԱՄԱԽԱՌՆ ԵԿԱՄՈՒՏ | C5: ՏԱՐԻ 1 | D5: ՏԱՐԻ 2 | E5: ՏԱՐԻ 3 | F5: ՏԱՐԻ 4 | G5: ՏԱՐԻ 5
B7: =+Investment!B8 -> Բնակելի տարածք՝ վաճառք | C7: =+'Cash flow'!$C12/6*5 -> 2.0415208e+09 | D7: =+'Cash flow'!D12/6*5 -> 1224912500 | E7: =+'Cash flow'!E12/6*5 -> 8.1660833e+08 | H7: =SUM(C7:G7) -> 4.0830417e+09
B8: =+Investment!B9 -> Ավտոկայանատեղեր՝ վաճառք | C8: =+'Cash flow'!$C13/6*5 -> 3.5333333e+08 | D8: =+'Cash flow'!$D13/6*5 -> 212000000 | E8: =+'Cash flow'!$E13/6*5 -> 1.4133333e+08 | H8: =SUM(C8:G8) -> 7.0666667e+08
H9: =SUM(C9:E9) -> 0
B10: Տոկոսային եկամուտ | C10: =+'Cash flow'!C16 -> 4.1693842e+08 | D10: =+'Cash flow'!D16 -> 2.9921463e+08 | E10: =+'Cash flow'!E16 -> 1.8149084e+08 | F10: =+'Cash flow'!F16 -> 63767053 | G10: =+'Cash flow'!G16 -> 0 | H10: =SUM(C10:E10) -> 8.976439e+08
B11: ԸՆԴՀԱՆՈՒՐ ՀԱՄԱԽԱՌՆ ԵԿԱՄՈՒՏ | C11: =SUM(C7:C10) -> 2.8117926e+09 | D11: =SUM(D7:D10) -> 1.7361271e+09 | E11: =SUM(E7:E10) -> 1.1394325e+09 | F11: =SUM(F7:F10) -> 63767053 | G11: =SUM(G7:G10) -> 0 | H11: =SUM(H7:H10) -> 5.6873522e+09
B14: ԾԱԽՍԵՐ
C16: =+Investment!H12 -> 0 | H16: =SUM(C16:E16) -> 0
B17: =+Investment!B13 -> Շին․ թույլտվություն - հասարակական տարածքներ | C17: =+'Cash flow'!C23 -> 200000 | H17: =SUM(C17:G17) -> 200000
B18: =+Investment!B14 -> Շինարարության ծախսեր | C18: =+Investment!H14/1.2/3 -> 1.1657585e+09 | D18: =+C18 -> 1.1657585e+09 | E18: =+D18 -> 1.1657585e+09 | H18: =SUM(C18:G18) -> 3.4972754e+09
B19: =+Investment!B15 -> Նախագիծ | C19: =+Investment!H15/1.2 -> 0 | H19: =SUM(C19:G19) -> 0
B20: =+Investment!B16 -> Այլ ծախսեր (մարքեթինգ, վարչական, չնախատեսված, այլն) | C20: =+C18*0.02 -> 23315169 | D20: =+'Cash flow'!D26/1.2 -> 23315169 | E20: =+'Cash flow'!E26/1.2 -> 23315169 | F20: =+'Cash flow'!F26/1.2 -> 0 | G20: =+'Cash flow'!G26/1.2 -> 0 | H20: =SUM(C20:G20) -> 69945508
H21: =SUM(C21:G21) -> 0
B22: Վարկի տոկոսներ | C22: =+'Cash flow'!C31 -> 4.5484192e+08 | D22: =+'Cash flow'!D31 -> 3.2641596e+08 | E22: =+'Cash flow'!E31 -> 1.9799001e+08 | F22: =+'Cash flow'!F31 -> 69564058 | H22: =SUM(C22:G22) -> 1.048812e+09
H23: =SUM(C23:G23) -> 0
H24: =SUM(C24:G24) -> 0
B25: ԸՆԴՀԱՆՈՒՐ ԾԱԽՍԵՐ | C25: =SUM(C16:C24) -> 1.6441156e+09 | D25: =SUM(D16:D24) -> 1.5154896e+09 | E25: =SUM(E16:E24) -> 1.3870637e+09 | F25: =SUM(F16:F24) -> 69564058 | G25: =SUM(G16:G24) -> 0 | H25: =+H16+H17+H18+H19+H20+H21+H22+H23+H24 -> 4.6162329e+09
B26: Շահութահարկ | C26: =+(C11-C25)*0.18 -> 2.1018187e+08 | D26: =+(D11-D25)*0.18 -> 39714755 | G26: =+(G11-G25)*0.18 -> 0 | H26: =+(H11-H25)*0.18 -> 1.9280148e+08
B28: ԶՈՒՏ ՇԱՀՈՒՅԹ | C28: =+C11-C25-C26 -> 9.5749517e+08 | D28: =+D11-D25-D26 -> 1.8092277e+08 | E28: =+E11-E25-E26 -> -2.4763114e+08 | F28: =+F11-F25-F26 -> -5797004.8 | G28: =+G11-G25-G26 -> 0 | H28: =+H11-H25-H26 -> 8.7831787e+08

Sheet Info
B1: ՎԱՆԱՁՈՐ — ԲԱՆԱԿԻ 8
B2: ՖԻՆԱՆՍԱԿԱՆ ՑՈՒՑԱՆԻՇՆԵՐ
B3: ԴՐԱՄԻ ՄԻԱՎՈՐ | C3: ՀՀ ԴՐԱՄ
B5: ՆԵՐԴՐՈՒՄՆԵՐ ՏԱՐԱԾՔԻ ԿԱՌՈՒՑԱՊԱՏՄԱՆ ՆՊԱՏԱԿՈՎ
B7: Համախառն եկամուտ (առանց ԱԱՀ) | C7: =+'Income Statement'!H11 -> 5.6873522e+09
B8: Պահանջվող ներդրումներ* | C8: =+Investment!H18 -> 4280865110
B9: Զուտ շահույթ | C9: =+'Income Statement'!H28 -> 8.7831787e+08
B10: *ներդրումների մեջ ներառված չէ հողի գնման արժեքը
B12: ՆԵՐԴՐՈՒՄՆԵՐԻ ՖԻՆԱՆՍԱԿԱՆ ՑՈՒՑԱՆԻՇՆԵՐ
B14: Ներդրումների եկամտաբերություն (ROI) | C14: =+C9/C8 -> 0.20517299
B15: Զուտ շահութաբերություն | C15: =+C9/C7 -> 0.15443353
B17: ԸՆԴՀԱՆՈՒՐ ՏՎՅԱԼՆԵՐ
B18: Կանխատեսման հորիզոն կառուցապատումից հետո՝ տարի | C18: 2
B19: Կանխատեսման հորիզոն ՝ տարի | C19: 5
